seq,size,recv_ns
0,618,1522962371798621
1,620,1522962428174621
2,620,1522962473593467
3,619,1522962522334313
4,618,1522962574787313
5,619,1522962621448852
6,613,1522962671767852
7,615,1522962722567929
8,615,1522962772645775
9,615,1522962823134083
10,614,1522962873512775
11,613,1522962926088467
12,613,1522962972623313
13,613,1522963022731621
14,613,1522963070342083
15,613,1522963119388852
16,613,1522963174310621
17,613,1522963222333467
18,613,1522963273248775
19,613,1522963325183544
20,613,1522963373052467
21,613,1522963422988775
22,613,1522963475104467
23,613,1522963523089467
24,613,1522963576458083
25,613,1522963622439237
26,613,1522963671817467
27,614,1522963723123852
28,613,1522963776265390
29,613,1522963822834083
30,613,1522963873528237
31,614,1522963928469775
32,614,1522963972636237
33,614,1522964022764775
34,614,1522964073938621
35,614,1522964122152467
36,614,1522964169615544
37,614,1522964215689083
38,613,1522964270465390
39,614,1522964316248852
40,614,1522964367877467
41,615,1522964420172237
42,615,1522964475821467
43,615,1522964521214083
44,615,1522964569428160
45,614,1522964619916775
46,614,1522964670478006
47,614,1522964719735544
48,614,1522964769833698
49,615,1522964820491929
50,614,1522964869895929
51,614,1522964916382006
52,614,1522964972248237
53,614,1522965022559852
54,614,1522965066444237
55,614,1522965120469390
56,614,1522965170377698
57,615,1522965220580544
58,614,1522965270756467
59,614,1522965321983314
60,614,1522965372423852
61,615,1522965420615006
62,614,1522965472762621
63,614,1522965520921160
64,614,1522965571050621
65,615,1522965620922083
66,615,1522965670927621
67,615,1522965721072160
68,615,1522965774768160
69,615,1522965818992852
70,615,1522965870739544
71,615,1522965921346083
72,614,1522965970045467
73,614,1522966020712237
74,614,1522966070886391
75,614,1522966119478929
76,614,1522966170293775
77,614,1522966220787314
78,614,1522966267622929
79,615,1522966320595852
80,614,1522966373544775
81,615,1522966421175852
82,615,1522966476489698
83,615,1522966520224467
84,615,1522966571368467
85,615,1522966621784160
86,615,1522966670324544
87,615,1522966720786698
88,615,1522966772413160
89,616,1522966820967237
90,616,1522966870770314
91,616,1522966922391621
92,615,1522966972706698
93,615,1522967019728237
94,614,1522967068288544
95,615,1522967119152852
96,614,1522967171229391
97,614,1522967221067006
98,614,1522967270784160
99,614,1522967320735929
100,614,1522967371091852
101,614,1522967422635006
102,614,1522967470727929
103,614,1522967520679544
104,614,1522967571423006
105,615,1522967620978314
106,614,1522967672388775
107,614,1522967721144237
108,614,1522967773955621
109,614,1522967821300160
110,614,1522967870782006
111,614,1522967921061775
112,615,1522967970649391
113,614,1522968020730929
114,614,1522968067079852
115,614,1522968121240544
116,615,1522968172732775
117,614,1522968221062698
118,614,1522968271946083
119,614,1522968317256775
120,614,1522968369243545
121,615,1522968418975237
122,615,1522968466283929
123,615,1522968521835929
124,614,1522968567978621
125,615,1522968621125468
126,615,1522968677131006
127,615,1522968721595621
128,615,1522968772683621
129,615,1522968821170621
130,615,1522968870565698
131,615,1522968920623006
132,615,1522968973777083
133,614,1522969017094314
134,615,1522969067479621
135,614,1522969122996852
136,614,1522969171962083
137,615,1522969220690929
138,615,1522969271382314
139,614,1522969320686698
140,616,1522969366874698
141,616,1522969422323314
142,616,1522969470479545
143,616,1522969520705698
144,616,1522969572332237
145,616,1522969621423852
146,614,1522969670282929
147,614,1522969721132545
148,615,1522969770809698
149,615,1522969820473160
150,616,1522969874301391
151,616,1522969920774006
152,616,1522969972519237
153,617,1522970021692775
154,617,1522970072313083
155,617,1522970122452237
156,617,1522970175501391
157,617,1522970220746006
158,617,1522970271006006
159,616,1522970320519852
160,616,1522970372627852
161,617,1522970420543314
162,617,1522970478178006
163,617,1522970519215545
164,617,1522970570272775
165,617,1522970621370929
166,617,1522970670947852
167,617,1522970724293775
168,617,1522970770847314
169,617,1522970826139622
170,617,1522970870285468
171,617,1522970920469391
172,617,1522970971313775
173,617,1522971020421468
174,617,1522971066725699
175,617,1522971117383314
176,617,1522971173144775
177,617,1522971221238391
178,617,1522971272716160
179,617,1522971320588468
180,617,1522971370805699
181,617,1522971420457468
182,617,1522971472748468
183,617,1522971520572852
184,617,1522971570852160
185,617,1522971621127929
186,617,1522971670452775
187,617,1522971721046391
188,617,1522971773437160
189,617,1522971820759929
190,617,1522971870626314
191,617,1522971922377775
192,617,1522971970669083
193,617,1522972021067314
194,616,1522972071305083
195,616,1522972120883545
196,616,1522972171638929
197,616,1522972221103237
198,616,1522972270387852
199,617,1522972321022699
200,617,1522972368375929
201,617,1522972420923314
202,617,1522972469354622
203,616,1522972521284237
204,616,1522972571568468
205,616,1522972620656776
206,616,1522972671071622
207,616,1522972721420776
208,616,1522972771581699
209,616,1522972820675622
210,616,1522972869387545
211,616,1522972920697160
212,616,1522972977149391
213,616,1522973021097083
214,616,1522973067570622
215,616,1522973121758314
216,616,1522973169468776
217,616,1522973219715006
218,616,1522973271290699
219,616,1522973320492545
220,616,1522973372892545
221,616,1522973418989699
222,617,1522973474350314
223,617,1522973521617083
224,617,1522973571918314
225,617,1522973621321083
226,617,1522973672555622
227,617,1522973721160468
228,617,1522973771799853
229,617,1522973821469699
230,617,1522973871567237
231,618,1522973921980545
232,618,1522973973041699
233,618,1522974020646699
234,618,1522974070814391
235,618,1522974120628853
236,618,1522974170916160
237,618,1522974220692545
238,618,1522974273857083
239,618,1522974317679314
240,618,1522974374501699
241,618,1522974420680853
242,618,1522974470373468
243,618,1522974520965391
244,617,1522974574609468
245,617,1522974619965160
246,617,1522974670636545
247,617,1522974721245083
248,617,1522974772605083
249,617,1522974821402391
250,617,1522974870952237
251,617,1522974921558006
252,617,1522974970536776
253,617,1522975019379545
254,616,1522975118023314
255,616,1522975119018083
256,616,1522975170589160
257,616,1522975220467622
258,618,1522975270420545
259,617,1522975320572237
260,616,1522975370990391
261,617,1522975421042699
262,617,1522975467507622
263,617,1522975520737699
264,616,1522975571948776
265,617,1522975620545776
266,617,1522975670413160
267,617,1522975721182391
268,617,1522975770078930
269,617,1522975823525699
270,617,1522975870234391
271,618,1522975920705776
272,618,1522975971027007
273,617,1522976020486083
274,617,1522976072655622
275,618,1522976121291622
276,617,1522976172600776
277,617,1522976220660468
278,617,1522976267996237
279,617,1522976320386622
280,617,1522976371863314
281,617,1522976420819545
282,617,1522976470830699
283,618,1522976520614930
284,618,1522976569517468
285,618,1522976621308853
286,618,1522976670104237
287,618,1522976721990699
288,618,1522976770507545
289,618,1522976820551622
290,618,1522976872670699
291,618,1522976917159853
292,618,1522976967725160
293,618,1522977020823853
294,617,1522977067549160
295,617,1522977119025776
296,617,1522977167241391
297,618,1522977220996160
298,617,1522977271517468
299,617,1522977320660853
300,618,1522977369804237
301,617,1522977419801699
302,617,1522977471772237
303,617,1522977517615622
304,617,1522977574347007
305,617,1522977620937699
306,617,1522977673944545
307,617,1522977720672160
308,617,1522977770190084
309,617,1522977820793468
310,617,1522977870460545
311,617,1522977921496160
312,617,1522977970018391
313,617,1522978021043314
314,617,1522978071986084
315,617,1522978121362622
316,617,1522978166862314
317,617,1522978220531314
318,617,1522978271059007
319,617,1522978319629160
320,617,1522978373135237
321,617,1522978420607007
322,617,1522978470781699
323,617,1522978520670699
324,617,1522978573110699
325,617,1522978620596161
326,617,1522978670068237
327,617,1522978718703622
328,617,1522978770493699
329,616,1522978821613084
330,615,1522978872681468
331,617,1522978924288468
332,616,1522978976677084
333,616,1522979020513468
334,617,1522979070173776
335,616,1522979121064237
336,617,1522979172517084
337,616,1522979222925699
338,616,1522979272394622
339,616,1522979321980776
340,617,1522979371173468
341,617,1522979420567622
342,616,1522979471189391
343,617,1522979521785776
344,617,1522979568488776
345,618,1522979621234930
346,618,1522979671006314
347,618,1522979721322084
348,617,1522979771132776
349,617,1522979820604545
350,616,1522979870633161
351,617,1522979921096545
352,615,1522979967540776
353,616,1522980022741391
354,616,1522980072641391
355,616,1522980121285699
356,615,1522980170791853
357,616,1522980220968238
358,616,1522980271091622
359,616,1522980320757084
360,617,1522980370391314
361,617,1522980423697391
362,617,1522980472364161
363,617,1522980520616468
364,617,1522980568530084
365,617,1522980620477391
366,617,1522980670754084
367,617,1522980720483853
368,617,1522980771641391
369,616,1522980821015622
370,617,1522980867535238
371,616,1522980921365084
372,617,1522980971610699
373,617,1522981019979622
374,617,1522981073812776
375,617,1522981120561699
376,617,1522981173017084
377,617,1522981221083930
378,617,1522981270930699
379,617,1522981321006007
380,617,1522981374807930
381,617,1522981421784545
382,617,1522981478212238
383,617,1522981520929468
384,617,1522981575047930
385,617,1522981617868776
386,617,1522981669118084
387,617,1522981721744238
388,617,1522981771736545
389,617,1522981819460545
390,617,1522981870156161
391,617,1522981920246699
392,617,1522981970382007
393,617,1522982020601084
394,617,1522982072359238
395,616,1522982120462007
396,618,1522982170349161
397,618,1522982220526084
398,618,1522982272469468
399,619,1522982321029468
400,618,1522982370148776
401,618,1522982421276161
402,617,1522982468859238
403,616,1522982520600468
404,617,1522982570594007
405,617,1522982617145084
406,618,1522982675201699
407,618,1522982721088545
408,619,1522982770205468
409,619,1522982821882930
410,619,1522982873548161
411,619,1522982920524238
412,619,1522982970468545
413,619,1522983018546622
414,619,1522983067937699
415,619,1522983119986622
416,619,1522983170534699
417,619,1522983220391007
418,619,1522983271640468
419,619,1522983319288545
420,619,1522983370395007
421,619,1522983427673776
422,619,1522983470253699
423,619,1522983519368161
424,619,1522983570703545
425,619,1522983626503853
426,619,1522983671336238
427,619,1522983726873084
428,619,1522983774010007
429,619,1522983821073392
430,619,1522983873699930
431,619,1522983921295007
432,619,1522983972664853
433,619,1522984020824545
434,619,1522984074739007
435,619,1522984120365699
436,619,1522984169963238
437,619,1522984220835238
438,619,1522984270286315
439,619,1522984320707622
440,619,1522984370224545
441,619,1522984420762392
442,619,1522984470624469
443,619,1522984520526084
444,619,1522984620935930
445,619,1522984621809699
446,619,1522984670722084
447,619,1522984720666930
448,619,1522984770479238
449,619,1522984820865392
450,619,1522984866894930
451,619,1522984927525161
452,619,1522984973377161
453,619,1522985020508238
454,619,1522985067951546
455,619,1522985119095315
456,619,1522985180521084
457,619,1522985219950392
458,618,1522985270470930
459,618,1522985321231315
460,618,1522985370000161
461,617,1522985420583238
462,618,1522985470051930
463,618,1522985520790622
464,618,1522985571882930
465,618,1522985620935315
466,618,1522985674472161
467,618,1522985720528546
468,618,1522985779210392
469,618,1522985820615238
470,618,1522985870436469
471,618,1522985920835622
472,618,1522985970246392
473,618,1522986021164161
474,618,1522986070023238
475,618,1522986121058007
476,617,1522986170865084
477,618,1522986219818699
478,618,1522986269929699
479,619,1522986321106699
480,618,1522986370493392
481,618,1522986420692161
482,618,1522986473651546
483,618,1522986520523623
484,618,1522986571956469
485,618,1522986670191007
486,618,1522986671177161
487,618,1522986720433776
488,618,1522986772594699
489,618,1522986821716546
490,618,1522986871042084
491,618,1522986924389469
492,618,1522986976318930
493,618,1522987016613392
494,618,1522987067124546
495,618,1522987119184238
496,618,1522987171532161
497,618,1522987220519930
498,618,1522987270687546
499,618,1522987320913469
500,618,1522987370130084
501,618,1522987417637392
502,618,1522987470893776
503,618,1522987519019853
504,618,1522987572492776
505,618,1522987620571546
506,618,1522987670903007
507,618,1522987722466930
508,617,1522987770316546
509,617,1522987819168853
510,617,1522987872891238
511,616,1522987926990315
512,616,1522987972538700
513,616,1522988018962700
514,616,1522988070254315
515,616,1522988120700238
516,616,1522988170253161
517,616,1522988220716776
518,616,1522988271231546
519,618,1522988330946930
520,617,1522988370473469
521,617,1522988421406623
522,617,1522988470583315
523,618,1522988520625084
524,617,1522988570258007
525,617,1522988620683238
526,618,1522988669176776
527,618,1522988720589776
528,617,1522988770145084
529,617,1522988820621700
530,618,1522988868245161
531,617,1522988921395238
532,617,1522988973043546
533,618,1522989020480777
534,618,1522989119483238
535,618,1522989150798315
536,617,1522989166650084
537,617,1522989220627007
538,618,1522989270506930
539,618,1522989322223930
540,617,1522989372586007
541,617,1522989420686315
542,617,1522989467107930
543,618,1522989520465777
544,618,1522989572486315
545,618,1522989620331315
546,618,1522989668911007
547,618,1522989720707546
548,618,1522989772544546
549,618,1522989817122623
550,618,1522989873363007
551,617,1522989920404161
552,617,1522989969543007
553,618,1522990020890315
554,618,1522990071123546
555,618,1522990120355007
556,618,1522990172719623
557,617,1522990220589084
558,617,1522990270005084
559,617,1522990320677777
560,618,1522990370216546
561,617,1522990420760777
562,618,1522990470486084
563,618,1522990520488777
564,617,1522990570793161
565,617,1522990621038700
566,618,1522990669921700
567,618,1522990720523623
568,618,1522990775094392
569,617,1522990820277392
570,617,1522990873070930
571,618,1522990920261161
572,618,1522990974647930
573,617,1522991019338007
574,618,1522991098502392
575,617,1522991118141084
576,617,1522991170374700
577,617,1522991220689469
578,617,1522991270340238
579,617,1522991319925777
580,617,1522991370517777
581,617,1522991416845392
582,617,1522991470542084
583,617,1522991521749777
584,617,1522991573593084
585,617,1522991620664777
586,617,1522991671087238
587,617,1522991718998315
588,617,1522991771974700
589,617,1522991820511315
590,617,1522991870261084
591,617,1522991920647238
592,617,1522991970597469
593,617,1522992025059931
594,617,1522992069900161
595,617,1522992120678623
596,617,1522992170297700
597,617,1522992220644161
598,617,1522992270576546
599,617,1522992320712238
600,618,1522992371721777
601,618,1522992420709469
602,618,1522992471801161
603,618,1522992520535623
604,618,1522992570388161
605,617,1522992619249084
606,616,1522992670306623
607,617,1522992721080777
608,616,1522992770093469
609,616,1522992820470392
610,616,1522992870600546
611,616,1522992920341084
612,616,1522992972642084
613,616,1522993019073700
614,616,1522993070452238
615,616,1522993120511854
616,616,1522993170492777
617,617,1522993219930315
618,617,1522993270783238
619,616,1522993320496546
620,617,1522993370155854
621,616,1522993420906623
622,616,1522993466945700
623,616,1522993520591008
624,617,1522993574090315
625,616,1522993620496854
626,616,1522993683520161
627,616,1522993720650315
628,617,1522993821103238
629,617,1522993822051623
630,616,1522993870328854
631,617,1522993920384469
632,616,1522993969320469
633,617,1522994020872238
634,617,1522994071759238
635,617,1522994119956777
636,617,1522994176547238
637,617,1522994220255546
638,617,1522994277493700
639,618,1522994336977085
640,618,1522994373409085
641,618,1522994420633777
642,618,1522994470451546
643,618,1522994521413392
644,618,1522994574278085
645,617,1522994620522931
646,618,1522994669946392
647,617,1522994720537469
648,617,1522994771860238
649,618,1522994820435546
650,618,1522994872562392
651,617,1522994919997700
652,618,1522994970202700
653,618,1522995020736238
654,619,1522995089227546
655,619,1522995120314008
656,618,1522995170726008
657,618,1522995222987931
658,618,1522995270277700
659,617,1522995321486700
660,618,1522995370041700
661,618,1522995420997469
662,618,1522995473679854
663,618,1522995516643315
664,619,1522995572372777
665,619,1522995621563854
666,619,1522995670168469
667,619,1522995720540777
668,619,1522995771131854
669,619,1522995819523931
670,619,1522995872424546
671,619,1522995920907315
672,619,1522995970148854
673,620,1522996020687546
674,620,1522996070182700
675,620,1522996166755315
676,620,1522996167643238
677,620,1522996220666700
678,620,1522996270130623
679,619,1522996319281700
680,619,1522996372747854
681,619,1522996426174700
682,619,1522996471978931
683,619,1522996520671623
684,619,1522996570610315
685,619,1522996621672162
686,619,1522996670573392
687,619,1522996719863239
688,619,1522996772703239
689,619,1522996820659854
690,619,1522996872607008
691,619,1522996917030700
692,619,1522996970373700
693,619,1522997021189777
694,619,1522997066676777
695,619,1522997119249392
696,619,1522997172996239
697,619,1522997219937777
698,619,1522997272316777
699,619,1522997320571546
700,619,1522997369996546
701,619,1522997420347623
702,619,1522997471880854
703,619,1522997520398085
704,619,1522997576715239
705,619,1522997619957085
706,619,1522997669961469
707,619,1522997720647623
708,619,1522997766423931
709,619,1522997820710392
710,619,1522997873169162
711,619,1522997920594623
712,619,1522997970264239
713,619,1522998020333392
714,618,1522998070424162
715,618,1522998120411239
716,618,1522998176333085
717,617,1522998220610931
718,618,1522998276441469
719,618,1522998320950623
720,619,1522998372744162
721,618,1522998416932469
722,618,1522998467156777
723,618,1522998520266085
724,618,1522998572511546
725,618,1522998619990316
726,618,1522998670328777
727,618,1522998721092162
728,618,1522998769937162
729,619,1522998819803623
730,618,1522998873427239
731,618,1522998920366316
732,618,1522998966357085
733,618,1522999019343623
734,618,1522999068691931
735,619,1522999121069393
736,619,1522999174573393
737,619,1522999220889162
738,619,1522999270526316
739,619,1522999320931546
740,619,1522999371240162
741,619,1522999419427546
742,619,1522999479922393
743,619,1522999520283623
744,620,1522999574857700
745,620,1522999621399239
746,620,1522999669173085
747,620,1522999719849393
748,620,1522999770857469
749,620,1522999820597162
750,620,1522999875364239
751,620,1522999927268469
752,620,1522999972552469
753,620,1523000021270085
754,620,1523000086092239
755,620,1523000118434700
756,619,1523000171035931
757,619,1523000220678316
758,619,1523000271293469
759,619,1523000319030393
760,619,1523000370290316
761,619,1523000420638623
762,619,1523000469975854
763,619,1523000522638393
764,618,1523000570938316
765,618,1523000627221700
766,618,1523000670211239
767,617,1523000720546316
768,617,1523000770127239
769,618,1523000819698931
770,616,1523000870133393
771,618,1523000920672470
772,617,1523000970643008
773,618,1523001019007931
774,616,1523001069717777
775,618,1523001119913393
776,616,1523001172910931
777,618,1523001220648162
778,616,1523001271288546
779,618,1523001323708546
780,617,1523001372336854
781,617,1523001419926623
782,618,1523001470450008
783,618,1523001520777700
784,617,1523001570057470
785,618,1523001621215931
786,618,1523001672345085
787,617,1523001720372854
788,618,1523001770337777
789,618,1523001819645085
790,618,1523001873331008
791,618,1523001917185393
792,618,1523001971285700
793,617,1523002020812470
794,618,1523002066206085
795,618,1523002120687239
796,617,1523002172696547
797,617,1523002220407008
798,617,1523002270137085
799,619,1523002319570008
800,616,1523002373588547
801,623,1523002419765085
802,622,1523002471597393
803,624,1523002520854700
804,623,1523002570174931
805,623,1523002619792547
806,627,1523002673065777
807,625,1523002720983316
808,626,1523002771484162
809,628,1523002820791239
810,629,1523002872298700
811,628,1523002919830393
812,634,1523002970626316
813,632,1523003020885777
814,633,1523003066707316
815,634,1523003120961162
816,636,1523003173812470
817,629,1523003220418085
818,636,1523003270948854
819,636,1523003321318931
820,635,1523003378011931
821,637,1523003420500239
822,639,1523003470231854
823,632,1523003524652777
824,639,1523003573675547
825,638,1523003620490085
826,638,1523003671279316
827,639,1523003716669700
828,641,1523003772490085
829,632,1523003821218624
830,636,1523003870329393
831,636,1523003922154931
832,638,1523003975681393
833,638,1523004019084162
834,640,1523004074248239
835,631,1523004123160777
836,638,1523004170375008
837,638,1523004221266931
838,638,1523004278679547
839,640,1523004323800547
840,640,1523004373542008
841,631,1523004419779854
842,638,1523004470945162
843,638,1523004532443931
844,638,1523004571960162
845,638,1523004622685470
846,638,1523004670078701
847,629,1523004720534931
848,636,1523004771400239
849,636,1523004822900239
850,637,1523004871986701
851,637,1523004917437085
852,639,1523004998243624
853,630,1523005020644777
854,638,1523005085751547
855,639,1523005121287931
856,639,1523005181952777
857,640,1523005220508854
858,641,1523005271111547
859,634,1523005321256777
860,640,1523005383192239
861,640,1523005434076470
862,639,1523005473857085
863,641,1523005522760547
864,642,1523005578813778
865,632,1523005635180239
866,638,1523005687047624
867,639,1523005742732854
868,638,1523005779160470
869,640,1523005828952239
870,641,1523005873261393
871,631,1523005933494624
872,638,1523005975023854
873,639,1523006024579316
874,639,1523006085320162
875,640,1523006141257701
876,642,1523006173974624
877,631,1523006226297085
878,639,1523006272343547
879,639,1523006325833393
880,641,1523006376761393
881,642,1523006437224239
882,643,1523006511327239
883,632,1523006523501470
884,640,1523006571859624
885,640,1523006623406393
886,641,1523006681488778
887,642,1523006724287624
888,644,1523006772847931
889,633,1523006826578085
890,642,1523006871214316
891,641,1523006937757162
892,642,1523006979389162
893,643,1523007029166008
894,644,1523007069628162
895,633,1523007123956162
896,641,1523007183305701
897,640,1523007221016855
898,642,1523007278389701
899,642,1523007321137393
900,642,1523007379731008
901,632,1523007422277393
902,641,1523007476494008
903,639,1523007547725393
904,640,1523007579127008
905,641,1523007637358085
906,641,1523007684696855
907,633,1523007774852470
908,642,1523007775776547
909,641,1523007830072162
910,642,1523007885790393
911,643,1523007929655624
912,643,1523007976672855
913,637,1523008020475316
914,642,1523008072661085
915,641,1523008120727855
916,643,1523008174852855
917,644,1523008221550085
918,644,1523008270629393
919,635,1523008319152470
920,642,1523008371625393
921,641,1523008420720239
922,640,1523008469983547
923,643,1523008520908470
924,643,1523008570268162
925,631,1523008619036162
926,640,1523008672431239
927,638,1523008719994316
928,640,1523008776712547
929,641,1523008820422932
930,639,1523008869757162
931,641,1523008919831855
932,643,1523008966141162
933,644,1523009020390932
934,644,1523009069732778
935,644,1523009124537162
936,643,1523009170051855
937,641,1523009219015239
938,644,1523009270426624
939,644,1523009316641085
940,644,1523009371687932
941,645,1523009420911239
942,644,1523009469891316
943,644,1523009520466393
944,645,1523009570498393
945,645,1523009620444470
946,644,1523009670231547
947,644,1523009720950624
948,645,1523009769834393
949,645,1523009819538624
950,646,1523009873189393
951,645,1523009930887624
952,644,1523009986274624
953,645,1523010024943316
954,644,1523010106300778
955,645,1523010120842624
956,645,1523010176443932
957,644,1523010222251316
958,645,1523010275220778
959,644,1523010327717162
960,645,1523010395555316
961,645,1523010424998624
962,643,1523010478175239
963,644,1523010522134624
964,644,1523010580743855
965,644,1523010623339239
966,646,1523010666190701
967,643,1523010720470932
968,644,1523010770363316
969,644,1523010820695624
970,644,1523010870928547
971,646,1523010920376162
972,642,1523010968392778
973,643,1523011016822316
974,644,1523011073509470
975,644,1523011121557701
976,646,1523011174424855
977,643,1523011219831009
978,643,1523011268987009
979,644,1523011321136547
980,645,1523011371976470
981,646,1523011420548547
982,642,1523011472646316
983,643,1523011520308778
984,645,1523011578770393
985,645,1523011619721393
986,647,1523011669854624
987,643,1523011720684470
988,644,1523011770088470
989,645,1523011819581778
990,645,1523011870522086
991,646,1523011920443932
992,643,1523011972267855
993,643,1523012021309163
994,644,1523012072821163
995,645,1523012119928778
996,646,1523012171995316
997,643,1523012219885701
998,645,1523012267859547
999,645,1523012321142624
1000,645,1523012370073470
1001,646,1523012421478009
1002,642,1523012470781470
1003,646,1523012519728239
1004,645,1523012577134086
1005,644,1523012620289086
1006,645,1523012669741163
1007,643,1523012720478086
1008,646,1523012769833086
1009,644,1523012816736163
1010,643,1523012870536855
1011,646,1523012920995932
1012,644,1523012971635547
1013,646,1523013021378086
1014,644,1523013072333163
1015,644,1523013119063855
1016,645,1523013170132470
1017,644,1523013219108470
1018,646,1523013270077086
1019,644,1523013322691547
1020,644,1523013370240240
1021,644,1523013420310393
1022,643,1523013472692855
1023,644,1523013520461086
1024,644,1523013575494316
1025,643,1523013619748163
1026,643,1523013669882316
1027,642,1523013720551547
1028,643,1523013769872163
1029,644,1523013819076855
1030,643,1523013873443932
1031,643,1523013920337393
1032,641,1523013971944163
1033,642,1523014021286009
1034,643,1523014070576470
1035,643,1523014119982393
1036,643,1523014170157701
1037,641,1523014219562009
1038,642,1523014277789086
1039,643,1523014320705086
1040,642,1523014369563240
1041,643,1523014420722701
1042,641,1523014472377163
1043,643,1523014519848778
1044,642,1523014570267932
1045,642,1523014619821701
1046,643,1523014669863624
1047,642,1523014721565778
1048,642,1523014778877778
1049,643,1523014818877778
1050,643,1523014870209393
1051,643,1523014919854317
1052,642,1523014969208778
1053,643,1523015019155547
1054,643,1523015073839624
1055,643,1523015120462701
1056,643,1523015170626009
1057,642,1523015219704470
1058,644,1523015269791932
1059,643,1523015319909701
1060,643,1523015371770009
1061,646,1523015420637393
1062,646,1523015472480240
1063,645,1523015521457701
1064,646,1523015570741163
1065,646,1523015621720855
1066,639,1523015669909778
1067,639,1523015721055624
1068,640,1523015773344470
1069,639,1523015819581393
1070,639,1523015870385393
1071,640,1523015920666086
1072,640,1523015976334701
1073,641,1523016020292778
1074,640,1523016070524855
1075,639,1523016120690317
1076,640,1523016171351317
1077,640,1523016219813701
1078,641,1523016270450624
1079,640,1523016320529394
1080,641,1523016372392855
1081,641,1523016419541470
1082,640,1523016470466009
1083,641,1523016520781163
1084,640,1523016574231009
1085,640,1523016620348855
1086,640,1523016670125470
1087,641,1523016722222086
1088,639,1523016769994394
1089,641,1523016817437163
1090,633,1523016873486932
1091,642,1523016920967547
1092,643,1523016972782932
1093,640,1523017017074624
1094,641,1523017066343932
1095,631,1523017120695317
1096,633,1523017170035855
1097,632,1523017219591009
1098,631,1523017271246624
1099,632,1523017319941701
1100,631,1523017379261163
1101,633,1523017418488163
1102,632,1523017472544471
1103,631,1523017521051240
1104,632,1523017569570086
1105,631,1523017622973471
1106,634,1523017669705086
1107,633,1523017726215932
1108,631,1523017770387317
1109,633,1523017819811547
1110,632,1523017872795317
1111,633,1523017919858701
1112,632,1523017969683240
1113,632,1523018020402394
1114,634,1523018069232778
1115,633,1523018121039009
1116,633,1523018169552240
1117,632,1523018219655547
1118,630,1523018270533701
1119,633,1523018320519547
1120,632,1523018373919547
1121,633,1523018419957471
1122,632,1523018470163624
1123,631,1523018521282317
1124,632,1523018569975240
1125,633,1523018619729701
1126,634,1523018669967548
1127,633,1523018719825471
1128,632,1523018771589701
1129,634,1523018819878701
1130,633,1523018869599855
1131,634,1523018919846394
1132,634,1523018970400778
1133,633,1523019021092240
1134,633,1523019116721394
1135,633,1523019117750624
1136,633,1523019169879009
1137,634,1523019220684778
1138,633,1523019270779855
1139,633,1523019319738394
1140,633,1523019373045471
1141,631,1523019419352855
1142,634,1523019468491317
1143,632,1523019519996163
1144,632,1523019569407009
1145,633,1523019619654701
1146,633,1523019671471009
1147,635,1523019720272548
1148,632,1523019771222932
1149,635,1523019820803317
1150,634,1523019875379855
1151,634,1523019918475317
1152,635,1523019969186317
1153,632,1523020018273394
1154,635,1523020068351548
1155,635,1523020119974625
1156,634,1523020169343548
1157,634,1523020218619317
1158,632,1523020270093163
1159,635,1523020318904548
1160,633,1523020369553701
1161,633,1523020418039548
1162,632,1523020471040855
1163,631,1523020519285086
1164,635,1523020568843548
1165,634,1523020620497163
1166,633,1523020671073701
1167,632,1523020721317086
1168,632,1523020770526701
1169,635,1523020820573778
1170,632,1523020870847932
1171,632,1523020915908778
1172,631,1523020969230625
1173,630,1523021019029778
1174,634,1523021066713702
1175,634,1523021120258702
1176,634,1523021169804855
1177,634,1523021221729471
1178,632,1523021269243317
1179,636,1523021319452778
1180,635,1523021370259240
1181,634,1523021417393163
1182,633,1523021471001471
1183,632,1523021520583855
1184,635,1523021572537702
1185,634,1523021622577471
1186,634,1523021669835009
1187,634,1523021719683009
1188,632,1523021769675625
1189,635,1523021870648240
1190,633,1523021871555855
1191,632,1523021924488471
1192,633,1523021969827548
1193,631,1523022022554009
1194,634,1523022069965163
1195,633,1523022127997471
1196,634,1523022170124240
1197,633,1523022219703548
1198,633,1523022270076163
1199,634,1523022326055548
