seq,sent_ns,back_ns
0,4099135664382,4099145505251
1,4099185761093,4099201769486
2,4099236116534,4099247441162
3,4099285829106,4099296408632
4,4099336095799,4099348862147
5,4099385892257,4099396347449
6,4099435841879,4099446485006
7,4099485851411,4099501394190
8,4099536132122,4099546250120
9,4099585820631,4099596543243
10,4099636062896,4099647530932
11,4099685763036,4099699808993
12,4099735715644,4099747796970
13,4099785938435,4099796914905
14,4099836038202,4099844011628
15,4099885798842,4099893663678
16,4099936020829,4099948786010
17,4099985878953,4099999801100
18,4100035783201,4100046759176
19,4100085883444,4100099709767
20,4100135836867,4100147147583
21,4100185826198,4100211686513
22,4100235900207,4100249239035
23,4100285805633,4100296914192
24,4100335851664,4100393040360
25,4100385768455,4100396103592
26,4100436028700,4100445729188
27,4100485721937,4100497404797
28,4100535711375,4100550285589
29,4100585794585,4100600349745
30,4100635801735,4100647382792
31,4100685761522,4100703504130
32,4100735795913,4100746465800
33,4100785912756,4100796469851
34,4100835813691,4100848090316
35,4100885893328,4100899981522
36,4100935955254,4100943091563
37,4100985817658,4100988902881
38,4101036035319,4101043801867
39,4101085769166,4101089657844
40,4101135997526,4101141304663
41,4101185913334,4101195628454
42,4101235874502,4101249757166
43,4101285921339,4101294755295
44,4101335693309,4101347472529
45,4101385735600,4101393540933
46,4101435783763,4101443264019
47,4101485770529,4101493360732
48,4101535877460,4101543508593
49,4101585926098,4101593941843
50,4101635762709,4101643426943
51,4101685797255,4101690994564
52,4101735977325,4101746394052
53,4101785749216,4101795676165
54,4101835757581,4101839747656
55,4101885849071,4101894351054
56,4101935884522,4101944476635
57,4101986010948,4102010365908
58,4102035803492,4102045124778
59,4102085800873,4102095429830
60,4102135879323,4102146489126
61,4102185999670,4102194929664
62,4102236041585,4102246919890
63,4102286035559,4102294664360
64,4102336079961,4102344825254
65,4102385930404,4102401726369
66,4102435806957,4102444663090
67,4102485815718,4102495026036
68,4102535758380,4102548985808
69,4102585712797,4102595572891
70,4102635719403,4102644393136
71,4102685839650,4102712478409
72,4102735672198,4102744161552
73,4102785719434,4102795164866
74,4102835883229,4102845047421
75,4102885723432,4102908135164
76,4102935733088,4102948341722
77,4102985797075,4102994551637
78,4103035833077,4103041186446
79,4103085882853,4103109092381
80,4103135764677,4103147572315
81,4103185819454,4103195063773
82,4103235726338,4103251979458
83,4103285879242,4103295679100
84,4103335875718,4103345322913
85,4103385829037,4103410463652
86,4103435887633,4103444811802
87,4103486011893,4103495319127
88,4103535871681,4103546048465
89,4103585849450,4103594794150
90,4103635876852,4103644337452
91,4103686017814,4103696247718
92,4103735877970,4103746192384
93,4103785818604,4103794023442
94,4103835876076,4103842133450
95,4103885845675,4103893407146
96,4103935863301,4103950134789
97,4103986027706,4103994958350
98,4104035990927,4104044683103
99,4104085813876,4104097130178
100,4104135695552,4104144879691
101,4104185752821,4104201303458
102,4104236023652,4104252037137
103,4104285899078,4104294404948
104,4104335883171,4104346017296
105,4104385871012,4104394656915
106,4104435784150,4104448564357
107,4104486031870,4104494858030
108,4104536039460,4104550953758
109,4104586025857,4104595099604
110,4104635778243,4104644364991
111,4104685767200,4104695304157
112,4104735725174,4104744463696
113,4104785713696,4104794714686
114,4104835760392,4104843352356
115,4104885995032,4104895359157
116,4104935803270,4104948181455
117,4104985881231,4104994914531
118,4105035754532,4105046178759
119,4105085858627,4105091206373
120,4105136011699,4105143384990
121,4105186252967,4105193433894
122,4105235692496,4105239650827
123,4105285750247,4105296116851
124,4105335825047,4105342137636
125,4105385854676,4105400472147
126,4105436018331,4105451322444
127,4105485713226,4105495274830
128,4105535774063,4105546625589
129,4105585880038,4105595173812
130,4105635803163,4105659535056
131,4105685728897,4105695164933
132,4105735789611,4105747683754
133,4105785724392,4105841318070
134,4105836011889,4105841330708
135,4105885873415,4105897055819
136,4105935999622,4105947934175
137,4105985774483,4105995285019
138,4106035818359,4106045401551
139,4106085830018,4106094983890
140,4106135760467,4106140883413
141,4106185935169,4106195913225
142,4106236089592,4106244808568
143,4106285741022,4106294455076
144,4106336043013,4106346856171
145,4106386011609,4106395371553
146,4106435972687,4106444044676
147,4106485783036,4106495318051
148,4106535921580,4106545028444
149,4106585731559,4106594444055
150,4106635891624,4106648340193
151,4106685721106,4106709462676
152,4106735746394,4106747690214
153,4106786128051,4106795917967
154,4106836016310,4106846320584
155,4106885768629,4106899186534
156,4106936040960,4106949322485
157,4106985726459,4106996040328
158,4107035753735,4107047762113
159,4107085727036,4107094482236
160,4107135797109,4107146416078
161,4107185742477,4107194705645
162,4107236009668,4107255276923
163,4107285806988,4107293288192
164,4107335782597,4107344538577
165,4107385706567,4107395633595
166,4107436021770,4107447007881
167,4107485760634,4107498330053
168,4107535971921,4107544859979
169,4107585835850,4107600549474
170,4107635931000,4107643877726
171,4107685880895,4107694265653
172,4107736016952,4107745900751
173,4107785774095,4107795824690
174,4107836070477,4107840344211
175,4107885735716,4107891711584
176,4107935935470,4107948241188
177,4107985834359,4108000734803
178,4108035849100,4108047721306
179,4108085763949,4108094648727
180,4108135760483,4108144981053
181,4108185934602,4108194405624
182,4108235778539,4108246469102
183,4108285712274,4108294380018
184,4108336164010,4108345014457
185,4108385954353,4108396479619
186,4108435991096,4108444467767
187,4108485861243,4108494987120
188,4108536057852,4108547336824
189,4108585986143,4108594637446
190,4108635995838,4108644662594
191,4108685856343,4108696447488
192,4108736012765,4108748336103
193,4108785851225,4108798155186
194,4108836018003,4108845409623
195,4108885825771,4108894464665
196,4108935762697,4108946357295
197,4108986023875,4108994799513
198,4109036068339,4109045653885
199,4109085859811,4109098721470
200,4109135990259,4109142480544
201,4109185789417,4109194932111
202,4109236114044,4109243734053
203,4109286018123,4109295123963
204,4109335731042,4109345988168
205,4109385750956,4109395444394
206,4109435766324,4109444982604
207,4109486028074,4109497047353
208,4109535870829,4109545929152
209,4109586015990,4109609932331
210,4109635790839,4109643922075
211,4109685851266,4109694753393
212,4109736017161,4109754358212
213,4109786012646,4109795201206
214,4109836076498,4109841660955
215,4109886092454,4109898332754
216,4109935927605,4109942984827
217,4109986032336,4109993354993
218,4110035786349,4110045776802
219,4110085867903,4110094351876
220,4110135814310,4110147390778
221,4110186017404,4110193272963
222,4110235938838,4110249937862
223,4110286014217,4110295645789
224,4110335753820,4110346275570
225,4110385698773,4110395514559
226,4110435808180,4110446226570
227,4110485971832,4110495758592
228,4110535759935,4110546020003
229,4110586017820,4110595287120
230,4110635808616,4110646972532
231,4110686097561,4110695368819
232,4110736021943,4110752487087
233,4110785881564,4110794459211
234,4110835936472,4110845028597
235,4110886030246,4110894986206
236,4110935864107,4110944944451
237,4110986018706,4110994564680
238,4111035946150,4111048139105
239,4111085781017,4111107737178
240,4111135944395,4111149745268
241,4111186113727,4111194787638
242,4111235731617,4111245014278
243,4111285985996,4111295362194
244,4111335895448,4111363465063
245,4111385712570,4111394068641
246,4111435736944,4111445337313
247,4111486107173,4111495083195
248,4111535770874,4111548375996
249,4111586049765,4111595733635
250,4111636071766,4111644911646
251,4111685948323,4111698186607
252,4111736091295,4111744628013
253,4111785849681,4111792881802
254,4111835909599,4111894236920
255,4111885956763,4111894250951
256,4111936028132,4111944433484
257,4111985765077,4112010517032
258,4112035800097,4112044022047
259,4112085827582,4112110621380
260,4112135815966,4112145532292
261,4112186020602,4112194914977
262,4112236054455,4112244569941
263,4112285705879,4112295985659
264,4112335814777,4112346159390
265,4112385718851,4112394495439
266,4112435799176,4112447209552
267,4112486009219,4112495376771
268,4112535713723,4112544130231
269,4112585933299,4112597518578
270,4112636023715,4112644484170
271,4112686025993,4112700214929
272,4112735712232,4112745215065
273,4112785706995,4112795086288
274,4112835876917,4112846444408
275,4112885771716,4112895487027
276,4112936028722,4112946479110
277,4112985846081,4112994342614
278,4113036031409,4113043103048
279,4113085736853,4113094370173
280,4113135863194,4113147088905
281,4113186016145,4113196123815
282,4113236054777,4113245209712
283,4113286106323,4113294692324
284,4113336043328,4113343579779
285,4113386038184,4113400025930
286,4113435932163,4113444844493
287,4113486024453,4113497041401
288,4113535730628,4113545785651
289,4113586027922,4113594507219
290,4113636014533,4113648836684
291,4113685858907,4113691267872
292,4113735832951,4113742763615
293,4113785998025,4113797845387
294,4113835751814,4113841052532
295,4113886007747,4113893200124
296,4113936015115,4113942220342
297,4113985878912,4113995359157
298,4114035728160,4114063723346
299,4114085993365,4114094895564
300,4114135987150,4114144150303
301,4114185752644,4114193761275
302,4114236025203,4114252055406
303,4114285723762,4114291391159
304,4114335895873,4114349346342
305,4114385981072,4114395762013
306,4114435975731,4114448207177
307,4114485758780,4114495751622
308,4114535969371,4114543829590
309,4114585786161,4114595467013
310,4114635816841,4114644757409
311,4114685968037,4114696407135
312,4114735745701,4114745223747
313,4114785845963,4114795219109
314,4114836028810,4114851840160
315,4114885882813,4114895122187
316,4114935800351,4114941152340
317,4114986042845,4114997665002
318,4115036099411,4115045645475
319,4115085832462,4115096017191
320,4115136043530,4115147200593
321,4115185880387,4115195558125
322,4115236013890,4115244542120
323,4115285722337,4115294733893
324,4115335981406,4115347186719
325,4115386025553,4115394606986
326,4115435911543,4115444486164
327,4115485803909,4115492660336
328,4115536016565,4115544765697
329,4115585869687,4115595678345
330,4115636090138,4115646776149
331,4115685956705,4115698342450
332,4115735759320,4115751473273
333,4115785800059,4115794735367
334,4115836043539,4115844756769
335,4115886103483,4115895098695
336,4115935772174,4115947099385
337,4115985762923,4115997363319
338,4116035835684,4116050352906
339,4116085766425,4116095882000
340,4116135760438,4116145192605
341,4116185987170,4116197038798
342,4116236033574,4116245161895
343,4116286096782,4116295489744
344,4116335884254,4116342666812
345,4116386011311,4116395366810
346,4116435983611,4116445786507
347,4116485914051,4116495268699
348,4116535880224,4116545736790
349,4116585832233,4116595093924
350,4116635757339,4116644914546
351,4116686116954,4116695690059
352,4116735836664,4116744347181
353,4116785987463,4116797633338
354,4116836029512,4116846424858
355,4116885852173,4116895641127
356,4116935819634,4116945924836
357,4116985843759,4116995176224
358,4117035799995,4117046354342
359,4117085819019,4117094954180
360,4117135719414,4117144326786
361,4117185815119,4117198493772
362,4117235848749,4117246435277
363,4117286108525,4117295499723
364,4117336089458,4117354459127
365,4117385918306,4117394763077
366,4117436013817,4117446010853
367,4117485732950,4117494799464
368,4117535706987,4117546451870
369,4117585998135,4117595197130
370,4117635974051,4117665273463
371,4117686012961,4117697794161
372,4117735951860,4117745961841
373,4117785680595,4117794471239
374,4117835837311,4117892187361
375,4117886034700,4117894960539
376,4117936018420,4117946986359
377,4117985923897,4117995918892
378,4118035798050,4118044560698
379,4118085895410,4118094716526
380,4118135745042,4118149750390
381,4118186009387,4118196009644
382,4118235760724,4118253214351
383,4118285862669,4118295942318
384,4118335982384,4118349444432
385,4118385870305,4118391914788
386,4118435832066,4118442873546
387,4118486126275,4118497186245
388,4118536083444,4118545819479
389,4118585809310,4118593721028
390,4118635810288,4118644376626
391,4118685831716,4118694365677
392,4118735846915,4118744524139
393,4118785785151,4118795482625
394,4118835886284,4118846693964
395,4118885840051,4118894387369
396,4118935774070,4118949445025
397,4118985866029,4118994450803
398,4119035802423,4119046456730
399,4119085722741,4119098533689
400,4119135798888,4119144335774
401,4119186017368,4119195687813
402,4119235814616,4119258205617
403,4119285806665,4119294795117
404,4119335754033,4119345038483
405,4119385849590,4119391216833
406,4119435847985,4119449470541
407,4119486027146,4119495089110
408,4119535955809,4119544286509
409,4119585826368,4119595944280
410,4119636051622,4119647673252
411,4119686007402,4119694552825
412,4119736026784,4119745561318
413,4119785835887,4119792397578
414,4119835714083,4119843058526
415,4119886094096,4119894654860
416,4119935844450,4119945676092
417,4119985722212,4119995401170
418,4120036013055,4120046335332
419,4120085731059,4120094998363
420,4120135760063,4120144936351
421,4120186118684,4120242010758
422,4120235998189,4120259445410
423,4120285855139,4120298131032
424,4120335857407,4120348345482
425,4120385788458,4120401465475
426,4120435952421,4120453665487
427,4120485759180,4120545022250
428,4120535877152,4120549979798
429,4120585969818,4120598019200
430,4120635770955,4120647923245
431,4120685719179,4120695265258
432,4120735773799,4120747727992
433,4120785809772,4120800508310
434,4120836164550,4120865032955
435,4120885772542,4120894862321
436,4120936023179,4120943701946
437,4120985886757,4120995462789
438,4121035797500,4121044909642
439,4121085841163,4121094934882
440,4121135843837,4121144966823
441,4121185794217,4121194824131
442,4121236011868,4121247759406
443,4121285861143,4121296287981
444,4121335851867,4121395024619
445,4121385730670,4121395038096
446,4121436099748,4121445541285
447,4121486141749,4121495449341
448,4121535886630,4121544748066
449,4121585833018,4121595283273
450,4121635942886,4121641828555
451,4121686094749,4121702244591
452,4121736030955,4121748208954
453,4121786012000,4121794415901
454,4121835839676,4121842192018
455,4121885880984,4121893569649
456,4121935985930,4121954543828
457,4121985845995,4121994959677
458,4122036011351,4122044952168
459,4122085805832,4122095678779
460,4122135776425,4122144314970
461,4122185841338,4122195496145
462,4122235917831,4122244345706
463,4122285991325,4122294908231
464,4122335990807,4122346957339
465,4122385905060,4122395194991
466,4122435774011,4122449246849
467,4122485771894,4122494492475
468,4122535723808,4122571947335
469,4122585708066,4122594988165
470,4122635708523,4122644317855
471,4122685716950,4122695365390
472,4122735817923,4122744505521
473,4122785981891,4122795464441
474,4122836016822,4122845746231
475,4122886008656,4122895295785
476,4122936073293,4122945389654
477,4122985928848,4122995051791
478,4123035747049,4123044757891
479,4123085857222,4123094989436
480,4123136029920,4123145312837
481,4123186028566,4123195206843
482,4123235877741,4123248390600
483,4123286018288,4123294738164
484,4123335806363,4123346605454
485,4123385726510,4123444713484
486,4123435836479,4123444726621
487,4123486007361,4123516515157
488,4123535838322,4123569171738
489,4123585913541,4123596163655
490,4123635958182,4123665110818
491,4123686020717,4123699471347
492,4123736029724,4123756818287
493,4123786028389,4123797173470
494,4123835783823,4123873069214
495,4123885732995,4123893578626
496,4123936146558,4123945779983
497,4123986014724,4124013554968
498,4124036122738,4124045113698
499,4124085756334,4124095369392
500,4124135991486,4124146109869
501,4124185713222,4124191860359
502,4124235942470,4124244878276
503,4124285772793,4124294095063
504,4124335920224,4124346896344
505,4124386010252,4124395355805
506,4124436008371,4124445240776
507,4124485754916,4124497020448
508,4124536017041,4124544722390
509,4124585857269,4124593769293
510,4124636090089,4124651474133
511,4124686021231,4124715972481
512,4124735997978,4124746576300
513,4124785864872,4124794049907
514,4124836017696,4124844974701
515,4124886057156,4124895110631
516,4124936016186,4124947246077
517,4124986009263,4124994823161
518,4125036040779,4125046075376
519,4125085942308,4125141573908
520,4125135937783,4125144971344
521,4125185785778,4125195867933
522,4125236134389,4125246096090
523,4125285800614,4125295190934
524,4125335743565,4125344257221
525,4125385841624,4125400563207
526,4125435824681,4125444433840
527,4125485814137,4125494741275
528,4125536017679,4125544215952
529,4125585777302,4125594889412
530,4125635876929,4125642815851
531,4125685876522,4125695951956
532,4125736154194,4125747476824
533,4125785840938,4125794679082
534,4125835895812,4125893303796
535,4125885786092,4125925600408
536,4125935760388,4125941116427
537,4125985778888,4125996091661
538,4126036014703,4126046132621
539,4126085821080,4126097111155
540,4126136038650,4126146532703
541,4126185707777,4126196360384
542,4126235835710,4126241493063
543,4126285713008,4126294482706
544,4126335722036,4126347392747
545,4126385860780,4126394750690
546,4126435869399,4126458207170
547,4126485966403,4126498699668
548,4126535699734,4126546854300
549,4126585950917,4126591494266
550,4126636040046,4126664175279
551,4126685920183,4126694440539
552,4126735872440,4126754366650
553,4126785720810,4126795215069
554,4126835897153,4126845476142
555,4126886062030,4126896503698
556,4126935786950,4126950760662
557,4126986004947,4126995354241
558,4127035860579,4127043983905
559,4127085759092,4127095996027
560,4127135772351,4127144562288
561,4127185717243,4127195510743
562,4127235753699,4127244512723
563,4127285815868,4127295047407
564,4127336014824,4127350023605
565,4127385715025,4127395536847
566,4127435839695,4127444624576
567,4127485906454,4127495158596
568,4127535877378,4127549428496
569,4127585889234,4127595127815
570,4127635793678,4127647223886
571,4127685874672,4127694729038
572,4127736035970,4127749533628
573,4127785811605,4127794074673
574,4127835963733,4127873527019
575,4127886029456,4127892183310
576,4127935804233,4127944671330
577,4127985877455,4127994978284
578,4128035769755,4128044754487
579,4128085771377,4128095353401
580,4128135815626,4128144462209
581,4128186030785,4128191590289
582,4128235727206,4128246049799
583,4128285816919,4128295815554
584,4128335819891,4128351081727
585,4128385771794,4128395142969
586,4128435892438,4128447400279
587,4128486027489,4128492993220
588,4128535743121,4128546460345
589,4128585702288,4128595302758
590,4128636011066,4128644674676
591,4128685867635,4128696312394
592,4128735724339,4128745741786
593,4128786033775,4128803606943
594,4128835732377,4128846760574
595,4128885985232,4128895106835
596,4128935857569,4128945229223
597,4128985845963,4128995106765
598,4129036033532,4129044854308
599,4129085991621,4129096028199
600,4129135858727,4129146388603
601,4129185833057,4129195952559
602,4129235998081,4129247049201
603,4129286030079,4129295217323
604,4129335956093,4129344884928
605,4129385970430,4129394484971
606,4129435888194,4129444759680
607,4129485811008,4129499518006
608,4129536008413,4129544499552
609,4129585884566,4129596231639
610,4129635928583,4129645285461
611,4129685774544,4129696015367
612,4129735910966,4129747561561
613,4129785661573,4129812425379
614,4129835848305,4129846531601
615,4129886017988,4129898306584
616,4129936013075,4129944902905
617,4129985770440,4129994605039
618,4130035936026,4130045465052
619,4130085988545,4130094930092
620,4130135977944,4130144841135
621,4130185784481,4130195907743
622,4130235816862,4130241912979
623,4130285723990,4130294821173
624,4130336017507,4130391529752
625,4130385822178,4130395685374
626,4130435779997,4130492748329
627,4130485760136,4130496288202
628,4130535712435,4130595445112
629,4130585935448,4130601500639
630,4130635798509,4130644709379
631,4130685876151,4130694939736
632,4130736025858,4130744312582
633,4130785710148,4130795150468
634,4130835899301,4130862332065
635,4130885877891,4130894421610
636,4130935777955,4130951544502
637,4130985760807,4130994557542
638,4131035900011,4131052537308
639,4131085705094,4131140812971
640,4131135818530,4131165653128
641,4131185875934,4131198481791
642,4131235834226,4131245216310
643,4131285864261,4131295952773
644,4131335860387,4131350219321
645,4131385880936,4131394942296
646,4131435944286,4131444748114
647,4131485734450,4131497344219
648,4131535968764,4131546401803
649,4131585830149,4131594340785
650,4131635793722,4131650140433
651,4131686099892,4131694360120
652,4131735724539,4131744328997
653,4131785769679,4131797320313
654,4131835880223,4131891704980
655,4131886098760,4131894592240
656,4131935987317,4131949339355
657,4131985782164,4131997254024
658,4132035713342,4132045090922
659,4132085946223,4132096084900
660,4132135788791,4132144801148
661,4132186019497,4132195455913
662,4132236090317,4132247784630
663,4132285810971,4132306121465
664,4132335751758,4132346747734
665,4132385778037,4132395973652
666,4132436071311,4132444448966
667,4132485842833,4132495105198
668,4132536019153,4132545722270
669,4132585848163,4132594266881
670,4132635772598,4132646724368
671,4132685822831,4132695313968
672,4132735971388,4132744508794
673,4132785812157,4132795933710
674,4132835897452,4132844845597
675,4132885963567,4132941450331
676,4132935845507,4132941463233
677,4132985801927,4132997476014
678,4133036101847,4133044647828
679,4133085785085,4133094133058
680,4133136020516,4133151142471
681,4133185740647,4133200724106
682,4133235927330,4133246412379
683,4133285851553,4133295773017
684,4133335918143,4133344823230
685,4133386015016,4133396581688
686,4133436027471,4133445004615
687,4133485716670,4133494688704
688,4133535921070,4133547761623
689,4133586016259,4133595251014
690,4133635803816,4133648900030
691,4133685790827,4133691732488
692,4133735929050,4133744957692
693,4133785713723,4133796394102
694,4133835871367,4133841308731
695,4133886092578,4133894100392
696,4133936013658,4133950110195
697,4133985850403,4133994770822
698,4134036006541,4134046799155
699,4134085784659,4134096208801
700,4134136023535,4134144478482
701,4134185837515,4134197208271
702,4134235884038,4134246661931
703,4134285719310,4134294861627
704,4134335829309,4134352489525
705,4134385847918,4134396176286
706,4134435979390,4134444456076
707,4134485871283,4134495689821
708,4134536014337,4134546020855
709,4134585987688,4134595474134
710,4134635773385,4134647845516
711,4134685780933,4134696341308
712,4134735817342,4134744967301
713,4134785775270,4134794568682
714,4134835804540,4134845255994
715,4134885683528,4134894949542
716,4134935724438,4134952229270
717,4134985948065,4134995586623
718,4135036006883,4135051257442
719,4135085740335,4135096324016
720,4135135725043,4135153410114
721,4135185729058,4135237317271
722,4135235880504,4135241695546
723,4135285840400,4135294823901
724,4135335906494,4135362567955
725,4135385787042,4135394551185
726,4135436013891,4135445292952
727,4135485838666,4135501363408
728,4135535727496,4135544344109
729,4135585802820,4135594716824
730,4135636069595,4135649767770
731,4135685880664,4135694954504
732,4135736039363,4135741122513
733,4135785842899,4135794246993
734,4135835818406,4135843402445
735,4135886018858,4135898534813
736,4135936006825,4135949547328
737,4135986093631,4135995519393
738,4136035905927,4136045075246
739,4136085866139,4136095353602
740,4136135863884,4136146426913
741,4136185714209,4136195065977
742,4136235783097,4136295698916
743,4136286026452,4136295712164
744,4136335806970,4136352995304
745,4136385920049,4136396275944
746,4136435785689,4136443109973
747,4136486018648,4136494682098
748,4136536079135,4136545718784
749,4136586022857,4136595075891
750,4136635846064,4136668110654
751,4136685731500,4136742501735
752,4136735856919,4136762712078
753,4136786018056,4136797492092
754,4136836016387,4136890357325
755,4136886114433,4136892981764
756,4136935802491,4136945645058
757,4136985740454,4136996435305
758,4137035970125,4137045710917
759,4137085996800,4137108415024
760,4137135858011,4137145226405
761,4137186079017,4137195369353
762,4137235838697,4137251409045
763,4137285693837,4137297293690
764,4137335824001,4137345624043
765,4137386006828,4137402125335
766,4137435775283,4137492102230
767,4137485976956,4137495105178
768,4137535762624,4137545150736
769,4137585757275,4137594818894
770,4137635756727,4137644695491
771,4137685862875,4137695249803
772,4137735817739,4137746446896
773,4137785977045,4137841280068
774,4137835708519,4137844745889
775,4137885758515,4137897695948
776,4137935720802,4137947691163
777,4137985878551,4137995457135
778,4138035781963,4138046454734
779,4138085811114,4138102035927
780,4138135784291,4138158792060
781,4138185845853,4138194744365
782,4138235845198,4138245972977
783,4138285721957,4138297463982
784,4138335789101,4138344677165
785,4138385872293,4138395646380
786,4138435734219,4138446717390
787,4138485706002,4138494612095
788,4138535872227,4138545289420
789,4138585844807,4138595791765
790,4138636027482,4138647909693
791,4138685862654,4138692426655
792,4138735781446,4138746394056
793,4138785748751,4138795346043
794,4138835814892,4138841041740
795,4138885734560,4138898096474
796,4138936100039,4138948814930
797,4138985710450,4138995244560
798,4139035784081,4139045385348
799,4139085736902,4139093916527
800,4139136027330,4139153788341
801,4139185808563,4139194743563
802,4139235964582,4139264472487
803,4139285749378,4139295901747
804,4139335827149,4139344752195
805,4139385804989,4139394557382
806,4139435956267,4139448372263
807,4139485863988,4139497306343
808,4139535798220,4139546081310
809,4139585839895,4139597730328
810,4139635888152,4139647119516
811,4139685818991,4139694788232
812,4139736011866,4139745924632
813,4139785892113,4139795355723
814,4139836187508,4139841777167
815,4139885918710,4139902613191
816,4139936136001,4139955384451
817,4139986029071,4139995129214
818,4140035906744,4140045862400
819,4140086171298,4140098234496
820,4140136006308,4140200055090
821,4140186104448,4140200067672
822,4140236016304,4140244978001
823,4140286107947,4140299258393
824,4140336322760,4140349058966
825,4140386030438,4140395253062
826,4140436018839,4140445910815
827,4140486022384,4140491956038
828,4140535974628,4140548256363
829,4140586011632,4140597467898
830,4140636293091,4140644993611
831,4140685917041,4140697291009
832,4140736354103,4140776707115
833,4140785913692,4140844576223
834,4140836250955,4140895235172
835,4140886170632,4140898087635
836,4140936154355,4140945322440
837,4140985971839,4141071499244
838,4141036150686,4141096582454
839,4141086010802,4141103504108
840,4141136285416,4141152287310
841,4141186040108,4141195095454
842,4141236265498,4141245184573
843,4141286258271,4141343833595
844,4141335819971,4141398712129
845,4141386046933,4141398723854
846,4141435903879,4141445929698
847,4141485879011,4141495086781
848,4141536214975,4141546788932
849,4141585866851,4141598222435
850,4141635998238,4141647134732
851,4141685957758,4141697552981
852,4141736237627,4141795094993
853,4141786034933,4141795358028
854,4141836098318,4141897317172
855,4141886044531,4141956347060
856,4141936024052,4141996285469
857,4141985937276,4142046310817
858,4142035879021,4142046323417
859,4142085886833,4142096604001
860,4142135961689,4142243266776
861,4142185935692,4142243279812
862,4142235878905,4142294483957
863,4142286013159,4142329404574
864,4142335952841,4142511817279
865,4142385990272,4142511830296
866,4142436029881,4142511834440
867,4142486015216,4142518119190
868,4142535947620,4142597652234
869,4142585874794,4142605631612
870,4142636162365,4142650513397
871,4142686155635,4142722820625
872,4142736152606,4142813466856
873,4142785913508,4142813480328
874,4142835847465,4142917297707
875,4142886035915,4142917500736
876,4142935915898,4142962995220
877,4142986329492,4143043173814
878,4143036057509,4143046815168
879,4143085884348,4143100805794
880,4143135984003,4143155004205
881,4143186032083,4143282965609
882,4143235949166,4143312554218
883,4143286048100,4143395218678
884,4143336092050,4143395230864
885,4143386030901,4143496740102
886,4143435873047,4143496747241
887,4143485922377,4143546932200
888,4143536284256,4143546940089
889,4143586019763,4143645440794
890,4143636264421,4143645455916
891,4143685931825,4143753648482
892,4143736041702,4143800075909
893,4143785970969,4143855935787
894,4143836167268,4143895127346
895,4143885969622,4143925656381
896,4143936057955,4143992049815
897,4143985911195,4144012252131
898,4144036038523,4144092287211
899,4144086050768,4144146495699
900,4144135864172,4144193626467
901,4144185942263,4144199081240
902,4144236185026,4144257280672
903,4144285992930,4144349445023
904,4144336162333,4144456365965
905,4144385920477,4144456379473
906,4144435930710,4144470089349
907,4144486012040,4144601912246
908,4144535898515,4144601925726
909,4144585928370,4144656821879
910,4144635915965,4144662258511
911,4144686283165,4144752199376
912,4144736049225,4144752207548
913,4144786298349,4144795678274
914,4144836020001,4144848093835
915,4144886032170,4144894851999
916,4144936018744,4144949813569
917,4144986005280,4144997201343
918,4145035996899,4145045810386
919,4145086269869,4145093644819
920,4145136035560,4145147927612
921,4145186073485,4145196005810
922,4145236048669,4145244924461
923,4145285935113,4145297686958
924,4145336098726,4145345275954
925,4145386032374,4145394543735
926,4145436006089,4145447901246
927,4145485974583,4145495016529
928,4145536263485,4145552118074
929,4145585905713,4145597907088
930,4145635922475,4145644990004
931,4145686313646,4145695130936
932,4145736043589,4145768995825
933,4145786035315,4145794964706
934,4145835867813,4145845222886
935,4145886154499,4145898678904
936,4145935980118,4145944507937
937,4145985986215,4145994550995
938,4146036088787,4146046052566
939,4146086042436,4146091490326
940,4146135982976,4146146810115
941,4146185973883,4146214095782
942,4146236182332,4146244314653
943,4146285934079,4146295275051
944,4146335907388,4146345738052
945,4146386333052,4146395375890
946,4146436011301,4146444841856
947,4146486148225,4146496156361
948,4146535952622,4146544093213
949,4146585848644,4146594586821
950,4146636030800,4146648439778
951,4146685927278,4146780512330
952,4146735906006,4146797495014
953,4146785975675,4146809328585
954,4146835866125,4146897382553
955,4146885996279,4146897394603
956,4146935933776,4146995310677
957,4146986260558,4147013912293
958,4147036047700,4147052597165
959,4147086292802,4147108812649
960,4147136300979,4147203856520
961,4147185913737,4147218728461
962,4147236100796,4147294118017
963,4147286021372,4147296970128
964,4147335935015,4147394824704
965,4147385998575,4147437940608
966,4147435974531,4147440756844
967,4147486051035,4147496147994
968,4147536260066,4147544961291
969,4147586288729,4147596949555
970,4147635932399,4147646896799
971,4147686178255,4147694923514
972,4147735938524,4147744021071
973,4147786010310,4147791647794
974,4147836066133,4147850376973
975,4147885912777,4147896610175
976,4147936147403,4147948806075
977,4147985938925,4147996618394
978,4148035887626,4148044122108
979,4148086020942,4148095863899
980,4148136281602,4148149694973
981,4148186264184,4148195500030
982,4148236132794,4148247233858
983,4148286201429,4148295657968
984,4148335974030,4148354217927
985,4148385955043,4148394741938
986,4148436192824,4148445726416
987,4148486256081,4148495785401
988,4148535986142,4148544977945
989,4148586136427,4148594563530
990,4148635948680,4148645389427
991,4148686377424,4148695750238
992,4148736244954,4148747345179
993,4148786154533,4148796448588
994,4148836146025,4148847142477
995,4148886226569,4148895438942
996,4148935957913,4148947971066
997,4148985870324,4148995048710
998,4149036176628,4149042965593
999,4149086221537,4149101891265
1000,4149136278984,4149144704637
1001,4149185945319,4149199032309
1002,4149235939798,4149245911665
1003,4149286020963,4149368284598
1004,4149336184171,4149368300371
1005,4149385932263,4149395471101
1006,4149436056236,4149445165527
1007,4149485906478,4149495459275
1008,4149535907302,4149544580447
1009,4149585932135,4149593505707
1010,4149636493170,4149645336335
1011,4149685894562,4149696089998
1012,4149736142993,4149746590408
1013,4149786055530,4149796382093
1014,4149835970170,4149881013374
1015,4149885926698,4149894342315
1016,4149936143109,4149944693658
1017,4149985967367,4149993991880
1018,4150036284900,4150044819510
1019,4150086060234,4150103083555
1020,4150135903077,4150144889363
1021,4150185949233,4150198868621
1022,4150236168130,4150247654116
1023,4150285991364,4150295263689
1024,4150336181347,4150351167141
1025,4150385909716,4150394451717
1026,4150436185347,4150444921370
1027,4150486114940,4150496726065
1028,4150536045404,4150544688065
1029,4150585901974,4150593864383
1030,4150636297974,4150648460599
1031,4150686090152,4150695184219
1032,4150736252869,4150747211916
1033,4150785934912,4150796971883
1034,4150836301444,4150849681418
1035,4150886181501,4150895848297
1036,4150935907961,4150944818575
1037,4150985968230,4150994410540
1038,4151036007188,4151096281763
1039,4151086026401,4151096294704
1040,4151136134889,4151145898285
1041,4151186016899,4151195662035
1042,4151235932297,4151247342907
1043,4151285890367,4151294982714
1044,4151335866477,4151345797978
1045,4151385952983,4151395341244
1046,4151435986542,4151444465035
1047,4151486162087,4151515523771
1048,4151535925475,4151553720212
1049,4151586179185,4151593575783
1050,4151636176904,4151661752094
1051,4151686071714,4151697034166
1052,4151736061043,4151743997762
1053,4151786016979,4151793882406
1054,4151836132836,4151853253144
1055,4151885878864,4151895663041
1056,4151935879980,4151945494112
1057,4151986173425,4152010865473
1058,4152036160982,4152044975858
1059,4152086199810,4152094850524
1060,4152136016271,4152146974836
1061,4152186268853,4152195504427
1062,4152236016414,4152262289266
1063,4152286342855,4152296250864
1064,4152336251844,4152347167227
1065,4152385951707,4152397426998
1066,4152436153687,4152444816333
1067,4152486173874,4152496137432
1068,4152536205186,4152548207966
1069,4152585995328,4152594527345
1070,4152636379503,4152645035219
1071,4152685918554,4152696508080
1072,4152735944156,4152756328651
1073,4152786177564,4152795340122
1074,4152835894562,4152845874463
1075,4152886191555,4152895671963
1076,4152936140811,4152947945216
1077,4152985962423,4152996156302
1078,4153035993550,4153055812434
1079,4153086093175,4153096435167
1080,4153135898683,4153147266891
1081,4153186187851,4153194435629
1082,4153235956199,4153245683606
1083,4153286018858,4153295537599
1084,4153336178127,4153349713436
1085,4153386256031,4153395263020
1086,4153436320519,4153445407143
1087,4153486318626,4153497394564
1088,4153536172438,4153562915646
1089,4153585916566,4153592024630
1090,4153636312247,4153650263552
1091,4153686403241,4153695499571
1092,4153736303171,4153747588773
1093,4153786179871,4153839553088
1094,4153836300377,4153841538054
1095,4153886028611,4153896223176
1096,4153936325256,4153946189734
1097,4153985928212,4153995052292
1098,4154036148960,4154046269182
1099,4154086270356,4154095013054
1100,4154135900475,4154154698914
1101,4154186093081,4154193717718
1102,4154236155129,4154254088084
1103,4154286406063,4154296232538
1104,4154336154315,4154344186454
1105,4154386343202,4154397963771
1106,4154435883840,4154447622055
1107,4154486179469,4154517099778
1108,4154536207669,4154545069246
1109,4154586190902,4154595723722
1110,4154636048203,4154647219035
1111,4154686193473,4154704253747
1112,4154735919314,4154744771315
1113,4154786177995,4154794853323
1114,4154835879861,4154853399164
1115,4154885991555,4154896384043
1116,4154935949547,4154944483160
1117,4154985964111,4154997564946
1118,4155036054250,4155045281199
1119,4155086260295,4155095948409
1120,4155135941188,4155149984440
1121,4155186275494,4155195155744
1122,4155236200579,4155249367601
1123,4155286282778,4155295998608
1124,4155335869728,4155344951662
1125,4155385913780,4155441721504
1126,4155435955293,4155444983956
1127,4155486284100,4155496349992
1128,4155536014561,4155546442072
1129,4155585950168,4155595176748
1130,4155635942498,4155644947982
1131,4155686199362,4155695102501
1132,4155735988532,4155745436942
1133,4155786150667,4155796031399
1134,4155836197960,4155892740461
1135,4155885882020,4155892752318
1136,4155936056098,4155945032118
1137,4155986182183,4155996445698
1138,4156036313131,4156045725925
1139,4156086345356,4156095283065
1140,4156136112228,4156151941086
1141,4156185923810,4156194400184
1142,4156236066692,4156243425094
1143,4156286082477,4156295765207
1144,4156335958786,4156344648969
1145,4156386179243,4156394939326
1146,4156436206495,4156453355471
1147,4156486126431,4156495138786
1148,4156536252200,4156546163078
1149,4156586020163,4156597328367
1150,4156636186009,4156650237409
1151,4156686182840,4156692912301
1152,4156735902108,4156743442383
1153,4156786100426,4156792856921
1154,4156835934574,4156842641738
1155,4156885933245,4156899371451
1156,4156936285733,4156943413276
1157,4156986177587,4156993946222
1158,4157036181435,4157044732605
1159,4157085922726,4157093229006
1160,4157136196693,4157143670038
1161,4157186037943,4157193361289
1162,4157236248813,4157246959603
1163,4157285934278,4157293956700
1164,4157335887793,4157343649121
1165,4157386358218,4157395687257
1166,4157436336632,4157445619919
1167,4157485953012,4157496801209
1168,4157536276864,4157545745842
1169,4157586021661,4157595523296
1170,4157635929888,4157648489806
1171,4157685978879,4157690759659
1172,4157735972303,4157744092556
1173,4157786374390,4157796748666
1174,4157836320269,4157840897108
1175,4157886191933,4157895097896
1176,4157936035591,4157945216859
1177,4157985994218,4157996809023
1178,4158036173209,4158044252857
1179,4158086163100,4158095114807
1180,4158136075937,4158192428446
1181,4158186010880,4158192441519
1182,4158235936186,4158246021827
1183,4158286182441,4158295244829
1184,4158336191940,4158347998435
1185,4158385995475,4158400740287
1186,4158436052358,4158444536398
1187,4158486046057,4158495150858
1188,4158536012953,4158544337016
1189,4158585883773,4158645891584
1190,4158636152454,4158646286703
1191,4158685956024,4158699406442
1192,4158735947965,4158745046991
1193,4158785914380,4158797519473
1194,4158836167601,4158845040786
1195,4158885987222,4158907288395
1196,4158936221829,4158945275511
1197,4158986046140,4158995026309
1198,4159035925193,4159046375150
1199,4159085939857,4159101969113
